half_width_sigma,M,empirical_acc,theoretical_acc(1/M),proposals_drawn,time_s
3,2.992119272022765,0.32915308910174124,0.33421127605116124,121524,0.004342000000178814
4,3.3911224230687975,0.29279576031739063,0.29488761396442,136614,0.0027985839988105
5,3.790125656054715,0.26380699879967817,0.2638434951101167,151626,0.0038872079967404716
6,4.189128836049506,0.23768636096239207,0.23871311653022223,168289,0.005676832995959558
8,4.987135053604769,0.20070749391605408,0.2005159253261422,199295,0.004151833003561478
10,5.785141356436644,0.1733042182246716,0.17285662326770693,230808,0.004253499995684251
14,7.3811541694619205,0.13643355856239958,0.1354801670634796,293183,0.0057584590031183325
20,9.775172288034847,0.10182236579175799,0.1022999872057534,392841,0.007230249997519422
