N,reps,mean_estimate,std (empirical SE),theoretical SE,relative error,zero-estimates,% zero
1000,300,8e-05,0.0002953372314280042,0.0003162119542332148,2.9533723142803754,278,92.66666666666666
10000,200,0.0001005,9.999874371070165e-05,9.999499987498811e-05,0.9999874371071293,71,35.5
100000,60,0.00010050000000000002,2.6834394827584836e-05,3.1621195423321474e-05,0.26834394827587865,0,0.0
1000000,12,0.00010441666666666665,1.0157472245802223e-05,9.999499987498812e-06,0.10157472245803369,0,0.0
