N,MC mean,MC SE,MC relErr,IS mean,IS SE,IS relErr,var reduction
1000,8.750000000000001e-05,0.00030011484852596746,3.0011484852600043,9.96444263403254e-05,6.318176813481112e-06,0.06318176813481806,2256.271800508308
10000,9.966666666666666e-05,0.0001026401752440827,1.02640175244094,9.997707008800168e-05,2.046528140276183e-06,0.020465281402764077,2515.3552392054694
100000,0.000102125,3.075809042483422e-05,0.307580904248376,9.99883297739897e-05,5.435522746276632e-07,0.005435522746277229,3202.108944739272
