proposal,estimate,max weight,weight std,ESS (full sample),ESS / N
lighter tail (0.5σ),0.000100141950578085,0.0004961677044080127,0.0001223859237607843,16.93738486938977,0.00016937384869389772
good (1.0σ),9.976241332772274e-05,0.0009923814369797673,0.0002518793991247987,34.58602832092944,0.00034586028320929437
heavier tail (1.5σ),0.00010054398468403468,0.001487882797719537,0.0003395374942029483,1703.618827711539,0.01703618827711539
