proposal,estimate,max weight,weight std,ESS (full sample),ESS / N
lighter tail (0.5σ),0.0001001419505780848,0.0004961677044080117,0.00012238592376078407,16.937384869389714,0.00016937384869389715
good (1.0σ),9.976241332772251e-05,0.0009923814369797654,0.0002518793991247982,34.586028320929394,0.00034586028320929393
heavier tail (1.5σ),0.00010054398468403448,0.001487882797719534,0.0003395374942029476,1703.6188277115366,0.017036188277115366
