{
  "target": "Chloramines",
  "best_model": "Normal",
  "scipy_dist": "norm",
  "params": [
    7.122276793425786,
    1.5828432520255509
  ],
  "mu": 7.122276793425786,
  "sigma": 1.5830848890397096,
  "tau": 13.008896941601135,
  "gamma_true": 9.999999999998872e-05,
  "target_prob": 0.0001,
  "data_min": 0.3520000000000003,
  "data_max": 13.127000000000002,
  "all_fits": {
    "Normal": {
      "params": [
        7.122276793425786,
        1.5828432520255509
      ],
      "AIC": 12309.712769681035,
      "KS": 0.020592176846700866
    },
    "Gamma": {
      "params": [
        18.02827755117171,
        0.0,
        0.3950614124510685
      ],
      "AIC": 12567.116343017185,
      "KS": 0.04698520820455984
    },
    "Weibull": {
      "params": [
        4.8842292804344645,
        0.0,
        7.743747994625195
      ],
      "AIC": 12417.164947106077,
      "KS": 0.03854522826626061
    }
  }
}